<component name="Panel" extends="Group">
    <script type="text/brightscript" uri="./Panel.brs" />
    <script type="text/brightscript" uri="NetworkManager/util.brs" />

    <interface>
        <field id="widthPanel" type="float"  alias="backgroundPanel.width" onChange = "layoutSubviews"/>
        <field id="heightPanel" type="float" alias="backgroundPanel.height" onChange = "layoutSubviews"/>
        <field id="videoPlayer" type="node"/>
        <field id="accountRoute" type="assocarray"/>
        <field id="runSDK" type="bool" alwaysNotify = "true" onChange="setupSDK"/>
    </interface>

    <children>
        <Group id = "panel" visible="false">
            <Poster id = "backgroundPanel" uri = "pkg:/images/backgroundImage.png"/>
            <Label id = "questionLabel" wrap = "true" horizAlign = "center" text = "label" vertAlign = "center" color="#ffffff" numLines = "2"/>
            <RowList id="rowList" itemComponentName="ButtonItemComponents" vertFocusAnimationStyle="floatingFocus" rowItemSize = "[[140, 50]]" itemSpacing="[20, 20]" rowItemSpacing="[[20, 20]]" numRows="1" focusBitmapUri="nil" focusFootprintBitmapUri="nil" />
        </Group>
    </children>
</component>