<component name="SubmitTextItemComponent" extends="Group">
    <script type="text/brightscript" uri="SubmitTextItemComponent.brs" />
    <script type="text/brightscript" uri="pkg:/components/Helpers/util.brs" />

    <interface>
        <field id="dataSource" type="assocarray" onChange="configureDataSource" />
        <field id="height" type="float"/>
        <field id="width" type="float"/>
        <field id="percentFocus" type="float" onChange = "onChangePercentFocus"/>
    </interface>

    <children>
        <Label id="titleLabel" translation="[20,0]" width = "120" horizAlign="left" vertAlign="center"/>
    </children>
</component>