<component name="SubmitTextItemComponent" extends="Group">
    <script type="text/brightscript" uri="SubmitTextItemComponent.brs" />
    <script type="text/brightscript" uri="pkg:/components/Helpers/util.brs" />

    <interface>
        <field id="itemContent" type="node" onChange="configureDataSource" />
        <!-- <field id="dataSource" type="assocarray" onChange="configureDataSource" /> -->
        <field id="height" type="float" />
        <field id="width" type="float" />
        <field id="widthElement" type="float" />
        <field id="heightElement" type="float" />
        <field id="focusPercent" type="float" onChange="onChangePercentFocus" />
    </interface>

    <children>
        <Label id="titleLabel" translation="[15,0]" width="120" horizAlign="left" vertAlign="center" />
    </children>
</component>