<component name="ChannelsList" extends="Scene" initialFocus = "channelList">
    <script type="text/brightscript" uri="./ChannelsList.brs" />
    <script type="text/brightscript" uri="../Helpers/util.brs" />
    <script type="text/brightscript" uri="../Helpers/UrlHelpers.brs" />

    <interface>
       
    </interface>

    <children>
        <RowList    id = "channelList"
                    itemComponentName = "ChannelItemComponent"
                    itemSize = "[600, 100]"
                    rowItemSize = "[[600, 100]]"
                    itemSpacing = "[0, 30]"
                    rowItemSpacing = "[[0, 30]]"
                    focusBitmapUri = "pkg:/nil"
                    vertFocusAnimationStyle = "floatingFocus"
                    numRows = "7"/>
        
    </children>
</component>