<component name="TextItemComponent" extends="Group">
    <script type="text/brightscript" uri="TextItemComponent.brs" />
    <script type="text/brightscript" uri="../../../NetworkManager/util.brs" />

    <interface>
        <field id="height" type="float" onChange="layoutSubviews" />
        <field id="width" type="float" onChange="layoutSubviews" />
        <field id="itemContent" type="node" onChange="OnItemContentChanged" />
        <field id="rowIndex" type="integer" />
        <field id="rowlistHasFocus" type="bool" onChange="itemFocusChanged" />
        <field id="focusPercent" type="float" onChange="itemFocusChanged"/>
        <field id="rowHasFocus" type="bool" onChange="itemFocusChanged" />
    </interface>

    <children>
        <Group id="itemComponentGroup">
            <Rectangle id = "separator" width = "1"  color = "#ffffff"/>
            <Label id="titleLabel" translation="[0,5]" horizAlign="center" vertAlign="center"/>
        </Group>
    </children>
</component>