<component name="ModelOverlay" extends="Node">
    <script type="text/brightscript" uri="./ModelOverlay.brs" />
    <script type="text/brightscript" uri="../../../Helpers/util.brs" />

    <interface>
        <function name = "getDesignModel"/>
        <function name = "getEventInfo"/>
        <function name = "getEventInfoWithSocket"/>
        <function name = "getAnswers"/>
        <function name = "getAnswerModelForRatings"/>
        <function name = "getAnswerWagerPrediction"/>
    </interface>
</component>