<component name="NetworkLayerManager" extends="Node">
    <script type="text/brightscript" uri="./NetworkLayerManager.brs" />
    <script type="text/brightscript" uri="../../Helpers/util.brs" />

    <interface>
        <field id="registrationResponce" type="assocarray" />
        <field id="loginizationResponce" type="assocarray" />
        <field id="infoResponce" type="assocarray" />
        <field id="answerResponce" type="assocarray" />
        <field id="quizEventResponce" type="assocarray" />
        <field id="avatarsResponce" type="array" />

        <function name = "registerUser"/>
        <function name = "loginUser"/>
        <function name = "getInfo"/>
        <function name = "sendAnswer"/>
        <function name = "getQuizEvent"/>
        <function name = "getAllAvatars"/>
    </interface>

    <children>
        
    </children>
</component>