<component name="QuizeAnswerView" extends="Group">
    <script type="text/brightscript" uri="QuizeAnswerView.brs" />
    <script type="text/brightscript" uri="../../Helpers/util.brs" />

    <interface>
       <field id="dataSource" type="array" onChange="configureDataSource"/>
    </interface>

    <children>
        <LayoutGroup id="layoutGroup"  addItemSpacingAfterChild = "false" itemSpacings = "[100, 20, 10]">
            <LayoutGroup id = "childFirsAnswer" layoutDirection = "horiz" itemSpacings = "[10]">
                <Poster id = "posterFirsAnswer" uri = "pkg:/" width = "25" height = "25"/>
                <Label id = "labelFirsAnswer" height = "20"/>
            </LayoutGroup>

            <LayoutGroup id = "childSecondAnswer" layoutDirection = "horiz" itemSpacings = "[10]">
                <Poster id = "posterSecondAnswer" uri = "pkg:/" width = "25" height = "25"/>
                <Label id = "labelSecondAnswer" height = "20"/>
            </LayoutGroup>  
        </LayoutGroup>
    </children>
</component>