<component name="PredicationSubmitView" extends="Group">
    <script type="text/brightscript" uri="PredicationSubmitView.brs" />
    <script type="text/brightscript" uri="pkg:/components/Helpers/util.brs" />

    <interface>
        <field id="dataSource" type="assocarray" onChange="configureDataSource" />
        <field id="height" type="float"/>
        <field id="width" type="float"/>
        <field id="percentFocus" type="float" onChange = "onChangePercentFocus"/>
        <field id="pressBack" type = "bool" alwaysNotify = "true"/>
        <field id="itemParam" type="assocarray"/>
    </interface>

    <children>
        <LayoutGroup id = "containerView" vertAlignment = "center" itemSpacings = "[15, 50, 20]" layoutDirection = "horiz">
            <Poster id = "posterCell" >
            </Poster>

            <Label id="titleLabel"
                color="#FF0000" 
                horizAlign="left"
                vertAlign="center">
            </Label>

            <Label id="counterLabel"
                height = "35"
                color="#FF0000" 
                horizAlign="right"
                vertAlign="center">
            </Label>

            <CollectionView id="collectionView" 
                size="[200, 200]" 
                widthLayoutView="175"
                
                itemSpacing = "10"
                focusImage = "pkg:/images/focusSubmit.9.png">
            </CollectionView>
        </LayoutGroup>

        <Poster id="separator"
            width="2" 
            height="100" 
            uri="pkg:/images/separatorGradient.png">
        </Poster>
    </children>
</component>