<component name="OverlayViewController" extends="Group">
    <script type="text/brightscript" uri="./OverlayViewController.brs" />
    <script type="text/brightscript" uri="../../../Helpers/UrlHelpers.brs"/>
    <script type="text/brightscript" uri="../../../Helpers/util.brs"/>

    <interface>
        <field id="videoPlayer" type="node" alias="overlayView.videoPlayer"/>
        <field id="accountRoute" type="assocarray" onChange = "configurationUser"/>
    </interface>

    <children>
        <OverlayView id = "overlayView"/>
    </children>
</component>