<component name="OverlayViewController" extends="Group">
    <script type="text/brightscript" uri="./OverlayViewController.brs" />
    <script type="text/brightscript" uri="./OverlayViewControllerHelper.brs" />
    <script type="text/brightscript" uri="pkg:/components/Helpers/UrlHelpers.brs" />
    <script type="text/brightscript" uri="pkg:/components/Helpers/util.brs" />

    <interface>
        <field id="videoPlayer" type="node"/>
        <field id="accountRoute" type="assocarray" onChange = "configurationUser"/>
    </interface>

    <children>
        <SideBarView id = "sideBarView" />
    </children>
</component>